﻿Designator,Footprint,Quantity,Value,LCSC Part #
"C1, C10, C11, C17, C2, C3, C4, C5, C6, C7, C8",0402,11,100n,
"C12, C9",0402,2,1u,
"C13, C14",0603,2,10u,
"C15, C16",0402,2,33p,
"D1, D2",0402,2,LED,
J1,USB_C_Receptacle_HRO_TYPE-C-31-M-12,1,USB_C_Receptacle_USB2.0_16P,
J2,PinHeader_1x20_P2.54mm_Vertical,1,Left,
J3,PinHeader_1x20_P2.54mm_Vertical,1,Right,
J4,PinHeader_1x03_P2.54mm_Vertical,1,Middle,
J5,PinHeader_1x03_P2.54mm_Vertical,1,Bottom,
"R1, R2, R5",0603,3,5.1k,
"R3, R4",0402,2,27,
R6,0603,1,10k,
"R7, R8, R9",0402,3,1k,
SW1,SW_Push_SPST_NO_Alps_SKRK,1,Boot,
SW2,SW_Push_SPST_NO_Alps_SKRK,1,Reset,
U1,QFN-56-1EP_7x7mm_P0.4mm_EP3.2x3.2mm,1,RP2040,
U2,SOT-23-5,1,ME6211C33M5,
U3,Winbond_USON-8-1EP_3x2mm_P0.5mm_EP0.2x1.6mm,1,W25Q16JVZPIQ TR,
Y1,Crystal_SMD_3225-4Pin_3.2x2.5mm_HandSoldering,1,12MHz,
